method,target,value,label
Использование ВПО,Организации,71,71%
Использование ВПО,Частные лица,39,39%
Социальная инженерия,Организации,60,60%
Социальная инженерия,Частные лица,96,96%
Эксплуатация уязвимостей,Организации,28,28%
Эксплуатация уязвимостей,Частные лица,2,2%
DDoS,Организации,11,11%
DDoS,Частные лица,0,0%
Компрометация учетных данных,Организации,10,
Компрометация учетных данных,Частные лица,13,13%
Использование легального ПО,Организации,8,8%
Использование легального ПО,Частные лица,2,2%
Компрометация цепочки поставок или доверенных каналов связи,Организации,4,4%
Компрометация цепочки поставок или доверенных каналов связи,Частные лица,1,
Другие,Организации,1,
Другие,Частные лица,3,3%