"x1","x2","type"
2.64838337885867,2.08372060993951,"normal"
1.87412073144156,1.47938207106096,"normal"
2.24525136453494,2.56686781969427,"normal"
2.35314504198442,1.99054171945037,"normal"
2.2617073292564,1.9128618701311,"normal"
2.05755019356341,1.60469906880551,"normal"
2.70460879897558,2.09689518648907,"normal"
2.06213638463476,1.77988712881934,"normal"
2.90736948555082,1.88660306801983,"normal"
2.07491436037903,2.61507009823384,"normal"
2.62194786168939,2.02978965190315,"normal"
3.01465815708044,1.67128704633973,"normal"
1.54445571955506,2.16528275298695,"normal"
1.98848449327305,1.95490463374882,"normal"
2.04667146544254,2.33600541919494,"normal"
2.35438015922803,2.6729687710924,"normal"
1.98629883143357,1.7029229955562,"normal"
1.03741783163809,2.28186011903211,"normal"
1.12381322856979,2.1339592234714,"normal"
2.62804533829208,2.45822623290582,"normal"
1.97734456236861,2.00808874442149,"normal"
1.387476626408,2.43464762738425,"normal"
2.03123305769615,1.40197765546532,"normal"
2.58586987966904,2.77578356852535,"normal"
2.85807738450599,2.44591119140743,"normal"
1.92781234735752,2.0396896044457,"normal"
1.99709224689243,1.52039714794433,"normal"
1.39473476592209,2.35720348001679,"normal"
2.28403894193251,2.29327754552591,"normal"
1.84400204961595,2.09745774943144,"normal"
2.28218004929649,2.16058235714497,"normal"
2.38193493489153,1.86635641186008,"normal"
2.51404140878797,2.2475226930521,"normal"
1.85642944983712,2.21786173588781,"normal"
2.30198204931919,1.98829625066297,"normal"
1.41319652837066,1.56550533804274,"normal"
1.7862163966482,2.38029952737601,"normal"
1.75963696232939,2.32167864890961,"normal"
1.13431694002135,1.76547736287943,"normal"
2.1144490427569,1.4621647351975,"normal"
2.1823994400801,2.18198343223505,"normal"
1.95557708058053,1.96196480881084,"normal"
2.40326529427981,2.20104468134578,"normal"
1.80931806916937,1.58239901380618,"normal"
1.55268758223228,1.71633182224785,"normal"
2.27312721035549,2.53430994147196,"normal"
1.77544272952533,2.26150996188629,"normal"
2.6776405046885,2.33459501468772,"normal"
1.92742151895466,2.82609137846158,"normal"
2.36225915336088,2.15152857144095,"normal"
2.22877010608158,1.2996283049074,"normal"
1.78646442364785,2.23351087897343,"normal"
2.73029100791679,2.56853005094352,"normal"
2.35715972228693,2.92381569691972,"normal"
2.13590425863984,1.54925536070379,"normal"
2.21062029891659,1.63965777374916,"normal"
2.37171552642211,1.81767144209595,"normal"
2.13593315463163,1.67837768716912,"normal"
0.902763966738826,1.841702510743,"normal"
2.21395318141226,2.0258488129294,"normal"
1.95310614290361,1.61951117970401,"normal"
2.17409222594624,2.91478886679326,"normal"
2.3327294909462,2.14310989795422,"normal"
2.65989473091707,2.06635675979777,"normal"
1.80908317621021,2.29824785664184,"normal"
2.62101705281766,2.11496607444719,"normal"
2.23433924790083,2.04716478521764,"normal"
2.51540243947905,2.69071496942084,"normal"
2.46829142731626,2.01318791596316,"normal"
2.38835126514675,1.58655911836311,"normal"
1.68275242457286,2.25426715617736,"normal"
2.06392544535572,1.95939485058836,"normal"
2.34940726479982,1.89128156265749,"normal"
1.71859065689106,1.67274751972513,"normal"
1.88286847417046,2.27134636130668,"normal"
2.33239859907267,2.0303927062292,"normal"
2.40727149513384,2.30626709145921,"normal"
2.28550703541607,2.00625388907763,"normal"
1.74568948103613,1.83659862967129,"normal"
1.66008764054086,2.60009464163149,"normal"
2.70508280392197,1.99129451395544,"normal"
2.20316857501281,2.47918079835008,"normal"
2.13537609166383,1.61936702795642,"normal"
2.05164138498436,1.9135535614498,"normal"
1.62226844193579,1.99225944193873,"normal"
2.34479875921615,1.94361383674766,"normal"
2.01314406170139,2.63948280479669,"normal"
2.02689731746723,2.09089411948064,"normal"
2.47333853142846,2.19769034044138,"normal"
2.4287092442033,1.72305131685443,"normal"
2.65684655037371,1.80831308939617,"normal"
1.90953043077813,2.49922756342194,"normal"
2.36013942429052,2.60339266583822,"normal"
2.656444182556,2.59954547552404,"normal"
1.65568444822084,1.54774518018987,"normal"
1.75568296524886,2.91998427745456,"normal"
1.64730452765849,2.50674913191982,"normal"
1.51631440019904,2.0893130143447,"normal"
2.13199302129646,2.3814431115193,"normal"
2.36128173585968,1.71144590833925,"normal"
2.5803861502394,1.66153750337646,"normal"
2.51790043486709,2.11962018037504,"normal"
1.69871654126406,1.62060165737689,"normal"
2.8393927606691,2.1760075994239,"normal"
1.83329063649687,2.61908235984187,"normal"
2.14220552498243,1.6864505108141,"normal"
1.93109764725246,1.80462369831477,"normal"
2.05105993121801,2.11862557578035,"normal"
2.1752772138006,1.69296155206956,"normal"
2.1476643831988,1.94668641604549,"normal"
2.08996297965304,2.44910216466856,"normal"
2.14322909117681,2.48781800558805,"normal"
1.90582590566133,2.25353866601084,"normal"
1.89831314772484,1.35937773477301,"normal"
1.43556036803408,2.07840130526953,"normal"
1.94706650925047,2.52590928573531,"normal"
1.89493989684888,2.42527801496464,"normal"
3.18075640013792,2.02367341035829,"normal"
1.55515350752411,1.02002807657452,"normal"
2.15490248742344,2.12438665552045,"normal"
1.50254997307348,2.32950067899343,"normal"
1.51182570342528,2.11832143189004,"normal"
2.1498809544788,2.16296501607035,"normal"
1.70134434604639,2.27262614914751,"normal"
2.09927095427812,1.94138010557992,"normal"
1.92869644742967,2.62399129030062,"normal"
1.8545313574202,2.28815735994958,"normal"
1.29012886183236,1.60293189177016,"normal"
1.61010081985601,2.65263018255421,"normal"
2.17180657644718,2.58178357480393,"normal"
2.32704823776941,2.42962958547275,"normal"
1.90284905857861,1.43494823912576,"normal"
2.10002515362614,1.87227746255781,"normal"
2.54915585735199,2.35420552691581,"normal"
2.67594229719048,2.11748880303114,"normal"
1.66115449263767,2.23920492146452,"normal"
2.05307217589993,3.08383741954817,"normal"
2.58059936036788,1.77264787024013,"normal"
1.91210816777348,1.25471995402835,"normal"
2.0790122060244,2.20947810897217,"normal"
2.06555708070516,1.82496126350264,"normal"
1.74492839283743,2.27841642118475,"normal"
1.9221263980461,1.77504611048376,"normal"
2.0882220483647,2.98482219213405,"normal"
1.93445246037683,2.05051761136903,"normal"
2.54535440934728,1.90906579758798,"normal"
1.90760286333841,2.03349540340536,"normal"
1.92673238695971,2.44502535345057,"normal"
2.37874503062084,2.13893619408113,"normal"
1.67745263473164,1.44975330431548,"normal"
5.5,5,"anomaly"
1.6,1.8,"target"
