month,platform,share
AUG 2025,Мобильный,70.0
SEP 2025,Мобильный,68.5
OCT 2025,Мобильный,68.0
NOV 2025,Мобильный,68.2
DEC 2025,Мобильный,68.5
JAN 2026,Мобильный,67.0
FEB 2026,Мобильный,66.5
MAR 2026,Мобильный,66.0
APR 2026,Мобильный,66.2
MAY 2026,Мобильный,65.5
JUN 2026,Мобильный,65.8
JUL 2026,Мобильный,65.39
AUG 2025,Настольные компьютеры,29.0
SEP 2025,Настольные компьютеры,30.5
OCT 2025,Настольные компьютеры,31.0
NOV 2025,Настольные компьютеры,30.8
DEC 2025,Настольные компьютеры,30.5
JAN 2026,Настольные компьютеры,32.0
FEB 2026,Настольные компьютеры,32.5
MAR 2026,Настольные компьютеры,33.0
APR 2026,Настольные компьютеры,32.8
MAY 2026,Настольные компьютеры,33.5
JUN 2026,Настольные компьютеры,33.2
JUL 2026,Настольные компьютеры,33.21
AUG 2025,Планшеты,1.0
SEP 2025,Планшеты,1.0
OCT 2025,Планшеты,1.0
NOV 2025,Планшеты,1.0
DEC 2025,Планшеты,1.0
JAN 2026,Планшеты,1.0
FEB 2026,Планшеты,1.0
MAR 2026,Планшеты,1.0
APR 2026,Планшеты,1.0
MAY 2026,Планшеты,1.0
JUN 2026,Планшеты,1.0
JUL 2026,Планшеты,1.41